ID,heslo
1,Abendland
2,Abiturient
3,Absolutismus
4,Absolutizace
5,Absolvent
6,Absurdita
7,Adaptace
8,Adjustace
9,Adolescence
10,Adopce
11,Adorace
12,Aféra
13,Aféra Dreyfusova
14,Afiliace
15,Agelecismus
16,Aglomerace
17,Agrarismus
18,Agregát sociální
19,Agrese
20,Agresivita
21,AIDS
22,Akademie
23,Akademismus
24,Akomodace
25,Aktér
26,Akulturace
27,Akumulace venální
28,Algoritmus
29,Alchymie
30,Alkoholismus
31,Alokace sociální
32,Altruismus
33,Amatér
34,Ambivalence sociologická
35,Analfabetismus
36,Analogie
37,Analogie termodynamická
38,Analýza
39,Analýza a syntéza
40,Analýza dat explorační
41,Analýza dat konfirmační
42,Analýza dat rychlá
43,Analýza dat statistická
44,Analýza demografická
45,Analýza diskriminační
46,Analýza dokumentů
47,Analýza drah
48,Analýza dvourozměrné statistické řady
49,Analýza faktorová
50,Analýza funkcionální
51,Analýza implikačních struktur
52,Analýza kanonická
53,Analýza kauzální
54,Analýza klastrová
55,Analýza kohortní
56,Analýza kontextuální
57,Analýza korespondenční
58,Analýza kovariančních struktur
59,Analýza latentní struktury
60,Analýza latentních tříd
61,Analýza lineární dekompoziční
62,Analýza metodologická
63,Analýza obsahová
64,Analýza regresní
65,Analýza reziduí dekompoziční
66,Analýza rozptylu
67,Analýza rozptylu vícerozměrná
68,Analýza sekundární
69,Analýza seskupovací
70,Analýza shluková
71,Analýza situační
72,Analýza sociálních sítí
73,Analýza spojených měření
74,Analýza statistická mnohorozměrná
75,Analýza statistické řady
76,Analýza větvených interakčních struktur
77,Anarchie
78,Anarchismus
79,Anarchismus metodologický
80,Anarchoindividualismus
81,Anarchokapitalismus
82,Anarchokomunismus
83,Anarchosyndikalismus
84,Anatomie politická
85,Andragogika
86,Anekdotalismus
87,Angažovanost veřejná
88,Anglikanismus
89,Animismus
90,Animus a anima
91,Anketa
92,Anomie
93,Anonymita
94,Antagonismus
95,Antagonismus třídní
96,Antinomisté
97,Antipsychiatrie
98,Antiscientismus
99,Antisemitismus
100,Antropocenóza
101,Antropocentrismus
102,Antropogeneze
103,Antropogeografie
104,Antropologie
105,Antropologie akční
106,Antropologie aplikovaná
107,Antropologie biologická
108,Antropologie dialektická
109,Antropologie ekonomická
110,Antropologie evolucionistická
111,Antropologie feministická
112,Antropologie filozofická
113,Antropologie funkcionalistická
114,Antropologie fyzická
115,Antropologie historická
116,Antropologie integrální
117,Antropologie kognitivní
118,Antropologie kulturní
119,Antropologie lingvistická
120,Antropologie města
121,Antropologie politická
122,Antropologie práva
123,Antropologie psychologická
124,Antropologie sociální
125,Antropologie strukturální
126,Antropologie symbolická
127,Antropomaximologie
128,Antropomorfismus
129,Apetence
130,Apokalypsa
131,Aprobace sociální
132,Arbitr
133,Argot
134,Arch záznamový
135,Archeologie analytická
136,Archeologie nová
137,Archeologie vědění
138,Archetyp
139,Architektura
140,Archiv
141,Archiv dat
142,Aristokracie
143,Aristokracie dělnická
144,Aristotelismus
145,Aritmetika politická
146,Arkádie
147,Armáda
148,Artefakt
149,Asertivita
150,Asimilace
151,Askeze
152,Aspirace
153,Astrologie
154,Ateismus
155,Ateismus vědecký
156,Atom sociální
157,Atomismus sociologický
158,Atraktivita sociální
159,Atribuce
160,Aukce
161,Austromarxismus
162,Autarkie
163,Autobiografie
164,Autokracie
165,Automatizace
166,Autonomie
167,Autopoiesis
168,Autoprezentace
169,Autorita
170,Autoritarismus
171,Autorství
172,Autostereotyp a heterostereotyp
173,Avantgarda
174,Avantgarda umělecká
175,Avunkulát
176,Axiologie
177,Axiom
178,Axiomatizace
179,Azyl
180,Bádání východní
181,Balík příručního vědění
182,Bankrot
183,Barbarství
184,Batismus
185,Beatnici
186,Behaviorém
187,Behaviorismus
188,Bellum omnium contra omnes
189,Beránek obětní
190,Beseda
191,Bestia triumfans
192,Bezespornost
193,Bible
194,Bída
195,Biedermaier
196,Bilance obyvatelstva
197,Bilingvismus
198,Biocenóza
199,Biodiverzita
200,Biografie
201,Biokulturologie
202,Biologismus
203,Biosféra
204,Biosociologie
205,Blahobyt
206,Blaženost
207,Bod inflexní
208,Bogomilové
209,Bohatství
210,Bohéma
211,Bohoslužba
212,Boj o život
213,Boj třídní
214,Bolševismus
215,Bráhmanismus
216,Brain-washing
217,Brainstorming
218,Bratrstvo
219,Briefing
220,Buddhismus
221,Bůh
222,Buržoazie
223,Buržoazie kompradorská
224,Buržoazie národní
225,Bydlení
226,Bydlení druhé
227,Bydliště
228,Byrokracie
229,Byrokracie dělnická
230,Byt
231,Bytí
232,Bytí společenské
233,Camelot projekt
234,Case study
235,Cech
236,Cejch
237,Celek a část
238,Celibát
239,Cena
240,Centralismus demokratický
241,Centralita
242,Centrum a periferie
243,Cercle social
244,Césaropapismus
245,Církev
246,Církev katolická
247,Církev řeckokatolická
248,Církev římskokatolická
249,Cirkulace elit
250,Citace bibliografická
251,City
252,Civics
253,Civilizace
254,Civilizovanost
255,Coil system
256,Common sense
257,Crowding
258,Ctnost
259,Cyklus rodinný
260,Cyklus životní
261,Čára bídy
262,Čárkování
263,Čarodějnice
264,Čas
265,Čas sociální
266,Čas volný
267,Čeleď
268,„černá schránka“
269,Četnost
270,Činnost
271,Činnost politická
272,Činnost pracovní
273,Činnost společenská
274,Činnost zájmová
275,Číselník statistický
276,Člověk
277,Člověk jednorozměrný
278,Člověk marginální
279,Člověk organizační
280,Člověk postmoderní
281,Člověk sociální
282,Ďábel
283,Dadaismus
284,Daně
285,Dar
286,Darwinismus sociální
287,Data
288,Data měkká a tvrdá
289,Data primární
290,Dav
291,Dědictví
292,Dědictví kulturní
293,Dědičnost
294,Dědičnost sociální
295,Dedukce
296,Definice
297,Definice deskripcí
298,Definice operacionální
299,Definice situace
300,Degradace sociální
301,Dehumanizace
302,Deismus
303,Dějinnost
304,Dějiny
305,Dějiny přírodní
306,Dějiny sociální
307,Dějiny sociálního myšlení
308,Dějiny sociologie
309,Dekadence
310,Dekalog
311,Dekonstrukce
312,Dělba moci
313,Dělba práce
314,Delegace moci
315,Delikvence
316,Délka života
317,Délka života střední
318,Dělník
319,Demagogie
320,Demagogie sociální
321,Demarchie
322,Demografie
323,Demografie historická
324,Demografie potenciální
325,Demografie regionální
326,Demografie sociologická
327,Demokracie
328,Demokracie a autoritarismus
329,Demokracie buržoazní
330,Demokracie hospodářská
331,Demokracie lidová
332,Demokracie parlamentní
333,Demokracie participační
334,Demokracie průmyslová
335,Demokracie reprezentativní
336,Demokracie sociální
337,Demokracie západní
338,Demokracie zastupitelská
339,Demokratizace
340,Demologie
341,Demometrie
342,Démonologie
343,Demonstrace
344,Demoskopie
345,Demytologizace
346,Denominace
347,Depersonalizace
348,Deprivace
349,Deprivace relativní
350,Design
351,Deskripce
352,Despocie
353,Determinismus ekonomický
354,Determinismus geografický
355,Determinismus technologický
356,Děti ukryté
357,Dětství
358,Devalvace
359,Devětsil
360,Deviace primární a sekundární
361,Deviace sociální
362,Dezinformace
363,Dezintegrace kulturní
364,Dezintegrace sociální
365,Dezorganizace sociální
366,Dezurbanizace
367,Dharma
368,Diagnostika sociální
369,Diakonie
370,Dialekt
371,Dialektika
372,Dialektika pána a raba
373,Dialektologie
374,Dialog
375,Diaspora
376,Diferenciace mzdová
377,Diferenciace sociální
378,Diferenciace sociologie
379,Diferenciál sémantický
380,Difúze
381,Difúze kulturní
382,Difuzionismus
383,Dichotomie
384,Diktatura
385,Diktatura proletariátu
386,Dilema vězně
387,Díra ozónová
388,Disekvilibrium přerušované
389,Disent
390,Diskriminace rasová
391,Diskriminace sociální
392,Diskurs
393,Diskuse
394,Disonance kognitivní
395,Disparita
396,Distance sociální
397,Distribuce příjmová
398,Dítě
399,Divošství
400,Dlouhověkost
401,Dobro a zlo
402,Dogma
403,Dogmatismus
404,Doktrinářství
405,Doktrína
406,Dokument historický
407,Dokumentace obrazová
408,Domácnost
409,Domkář
410,Domov
411,Donucení
412,Dopolavoro
413,Dospělost
414,Dospívání
415,Dotace
416,Dotazník
417,Dotazník Eysenckův
418,Dotazník psychologický
419,Dotazník zvukový
420,Dotazování
421,Dotazování počítačové
422,Dovednosti sociální
423,Dovolená
424,DPO a SPO
425,Dráha životní
426,Drogy
427,Druhý
428,Družstevnictví
429,Družstvo
430,Duch doby
431,Důchod
432,Důchod národní
433,Duchovenstvo
434,Duchovědy
435,Důkaz
436,Důsledky jednání nezamýšlené
437,Důstojnost
438,Duše
439,Důvěra
440,Dyáda
441,Dynamika skupinová
442,Dynamika sociální
443,Dysfunkce
444,Dystopie
445,Eden
446,Efekt bumerangový
447,Efekt hawthornský
448,Efekt panelový
449,Efekt radiace
450,Efekt skleníkový
451,Efekt svatého Matouše
452,Efekt tazatele
453,Efekt výzkumný
454,Ego
455,Egoismus rozumný
456,Ekistika
457,Eklekticismus
458,Ekofakt
459,Ekologie
460,Ekologie člověka
461,Ekologie globální
462,Ekologie hlubinná
463,Ekologie kulturní
464,Ekologie populační
465,Ekologie sociální
466,Ekonomie
467,Ekonomie blahobytu
468,Ekonomie klasická
469,Ekonomie morální
470,Ekonomie myšlení
471,Ekonomie národní
472,Ekonomie nedostatku
473,Ekonomie neoklasická
474,Ekonomie podniková
475,Ekonomie politická
476,Ekonomie politická nová
477,Ekonomie politická radikální
478,Ekonomie příkazová
479,Ekonomika domácí
480,Ekonomika druhá
481,Ekonomika neformální
482,Ekonomika nerovnosti
483,Ekonomika rodiny
484,Ekonomika smíšená
485,Ekonomika sociálně tržní
486,Ekonomika šedá
487,Ekonomika tržní
488,Ekonomika vzdělání
489,Ekosystém
490,Ekumenismus
491,Ekvilibrium přerušované
492,Ekvilibrium sociální
493,Eldorádo
494,Elita
495,Elita mocenská
496,Elitismus
497,Elitismus demokratický
498,Emancipace
499,Emergence
500,Emigrace
501,Emoce
502,Emotivismus
503,Empatie
504,Empiricismus
505,Empiricismus abstraktní
506,Empirie
507,Empirismus
508,Émy
509,Encykliky papežské
510,Encyklopedisté
511,Endogamie
512,Energetismus
513,Enkulturace
514,Entelechie
515,Entita
516,Entropie
517,Environmentalismus
518,Epidemiologie
519,Epifenomenalismus
520,Epocha
521,Epoché
522,Ergonomie
523,Eristika
524,Erotika
525,Esencialismus metodologický
526,Eschatologie
527,Eskapismus
528,Esoterismus
529,Esperanto
530,Etalon
531,Etika
532,Etika ekologická
533,Etika křesťanská
534,Etika nezávislá
535,Etika normativní
536,Etika profesionální
537,Etika protestantská
538,Etika puritánská
539,Etika situační
540,Etika sociální
541,Etika vědy
542,Etiologie
543,Etnicita
544,Etnikum
545,Etnoarcheologie
546,Etnocentrismus
547,Etnografie
548,Etnografie nová
549,Etnografie řeči
550,Etnografie velkého města
551,Etnolingvistika
552,Etnologie
553,Etnomedicína
554,Etnometodologie
555,Etnonymum
556,Etnopsychiatrie
557,Etnosémantika
558,Etnosociologie
559,Etnověda
560,Etokracie
561,Etologie
562,Etologie sociální
563,Eubiotika
564,Eudaimonismus
565,Euforie sociální
566,Eufunkce
567,Eugenika
568,Eurokomunismus
569,Eurosocialismus
570,Euthanasie
571,Evalvace a devalvace
572,Evangelikalismus
573,Evangelizace
574,Evergetismus
575,Evidence obyvatelstva
576,Evolucionismus
577,Evropanství
578,Exaktnost
579,Exegetika
580,Existence
581,Existencialismus
582,Exkluze sociální
583,Exkomunikace
584,Exogamie
585,Expektace
586,Experiment
587,Experiment laboratorní
588,Experiment metodologický
589,Expert
590,Expertíza
591,Explanace
592,Explanace statistická
593,Explikace
594,Exploze populační
595,Externality
596,Extrapolace
597,Exulanství
598,Facilitace sociální
599,Fakt
600,Fakt sociální
601,Faktory výrobní
602,Falanga
603,Falangsféra
604,Falibilismus
605,Falzifikace
606,Fáma
607,Farmacie sociální
608,Farnost
609,Fašismus
610,Fašismus český
611,Fatalismus kulturní
612,Fáze výzkumná
613,Fáze životní
614,Felicitologie
615,Feminismus
616,Feminismus český
617,Feminita
618,Feminizace
619,Femokracie
620,Fenomenologie
621,Fetišismus
622,Fetišismus zbožní
623,Film
624,Film sociologický
625,Filozofie
626,Filozofie dějin
627,Filozofie morální
628,Filozofie praktická
629,Filozofie praxe
630,Filozofie sociální
631,Filozofie techniky
632,Filozofie vědy
633,Filozofie života
634,Finalita
635,Finalizace vědy
636,Fluktuace
637,Focus-groups
638,Focus interview
639,Folkloristika
640,Folklór
641,Fond časový
642,Fonetika
643,Fonologie
644,Formace společenskoekonomická
645,Formalizace
646,„formální organizace a neformální struktura“
647,Fotografie sociologická
648,Fourierismus
649,Frenologie
650,Freudismus
651,Frustrace
652,Fundamentalismus
653,Fundamentalismus islámský
654,Funkce
655,Funkce latentní
656,Funkce manažerské
657,Funkce manifestní
658,Funkcionalismus
659,Funkcionalismus strukturální
660,Futurismus
661,Futurologie
662,Fylogeneze
663,Fyziokratismus
664,Fyzika sociální
665,Fyzikalismus
666,Galérka
667,Gang
668,Garantismus
669,Garfinkeling
670,Gatekeeper
671,Gemeinschaft a Gesellschaft
672,Gender
673,Generace
674,Generace počítačová
675,Generalizace
676,„generalizovaný druhý“
677,Génius
678,Genius loci
679,Genocida
680,Genotyp
681,Gentleman
682,Geografie
683,Geografie lidských sídel
684,Geografie obyvatelstva
685,Geografie politická
686,Geografie sociální
687,Geopolitika
688,Gerontologie
689,Gerontologie sociální
690,Gerontosociologie
691,Gestaltismus
692,Ghetto
693,Gilda
694,Glasnosť
695,Globalistika
696,Gnosticismus
697,GNP
698,Goodwill
699,Gradualismus
700,Gramatika
701,Gramatika generativní
702,Gramatika kulturní
703,Gramatika transformační
704,Gramotnost
705,Gynekologie sociální
706,Hagiografie
707,HAKATA
708,„haló-efekt“
709,Handicap
710,Harmonie
711,Harmonogram výzkumný
712,Hédonismus
713,Henoteismus
714,Heraldika
715,Heretik
716,Hereze
717,Hermeneutika
718,Hermetismus
719,Hetérismus
720,Heterogamie
721,Heterostereotyp
722,Heuristika
723,Hierarchie církevní
724,Hierarchie organizační
725,Hierarchie reality
726,Hierarchie sociální
727,Hilelismus
728,Hinduismus
729,Hippies
730,Historicismus
731,Historicita
732,Historie
733,Historiografie
734,Historiozofie
735,Historismus
736,Hitlerismus
737,Hladina názorová
738,Hnutí
739,Hnutí abstinentské
740,Hnutí dělnické
741,Hnutí ekologické
742,Hnutí fašistické
743,Hnutí komunitní
744,Hnutí mírové
745,Hnutí náboženské
746,Hnutí odborové
747,Hnutí protestní
748,Hnutí sociální
749,Hnutí sociálních ukazatelů
750,Hnutí svépomocné
751,Hodnocení
752,Hodnocení v sociologii
753,Hodnota
754,Hodnota autotelická
755,Hodnota dítěte
756,Hodnota ekonomická
757,Hodnota extrémní
758,Hodnota pracovní síly
759,Holismus
760,Holocaust
761,Homeostáze
762,Hominizace
763,Homo consumens
764,Homo duplex
765,Homo ludens
766,Homo oeconomicus
767,Homo politicus
768,Homo sociologicus
769,Homogamie
770,Homologie
771,Homosexualita
772,Hospodářství rodinné
773,Hospodářství rodinné zemědělské
774,Hostilita
775,Hra
776,Hra koaliční
777,Hra nenulová
778,HRAF
779,Hrdina
780,Hry experimentální
781,Hry psychologické
782,Hřích
783,Hřích dědičný
784,Human management
785,Human relations
786,Humanismus
787,Humanismus malý
788,Humanita
789,Humanizace práce
790,Humanologie
791,Husitství
792,Hustota zalidnění
793,Hyde park
794,Hygiena sociální
795,Hyperempirismus dialektický
796,Hypostaze
797,Hypotéza
798,Hypotéza Sapirova-Whorfova
799,Hypotéza statistická
800,Chalupník
801,Chaos
802,Charakter
803,Charakter národní
804,Charakter práce
805,Charakteristiky kvantilové
806,Charakteristiky momentové
807,Charisma
808,Charita
809,Chartismus
810,Chasidismus
811,Chataření
812,Chiliasmus
813,Chí-kvadrát
814,Choroby civilizační
815,Choroby sociální
816,Chování
817,Chování aberantní
818,Chování agresivní
819,Chování antisociální
820,Chování asociální
821,Chování davové
822,Chování demografické
823,Chování deviantní
824,Chování kolektivní
825,Chování kriminální
826,Chování návykové
827,Chování organizační
828,Chování preferenční
829,Chování prosociální
830,Chování prostorové
831,Chování protispolečenské
832,Chování reprodukční
833,Chování sexuální
834,Chování spotřební
835,Chování tržní
836,Chrám
837,Chudoba
838,Chuligánství
839,Chyba náhodná
840,Chyba směrodatná
841,Chyba výběrová
842,Id
843,Identita
844,Ideologie
845,Ikonologie
846,Ikonosféra
847,Iluze sociální
848,Imaginace
849,Imago
850,Imigrace
851,Imitace
852,Imperativ kategorický
853,Imperativ morální
854,Imperialismus
855,Imperialismus kulturní
856,Imperialismus sociologický
857,Incest
858,Index
859,Index korelace
860,Index statistický
861,Indexikalita
862,Individuace
863,Individualismus
864,Individualismus metodologický
865,Individuum
866,Indoktrinace
867,Indukce
868,Industrial
869,Industrialismus
870,Industrializace
871,Infantilismus sociální
872,Inference statistická
873,Infiltrace
874,Inflace
875,Informace
876,Informatizace
877,Informovanost
878,Infrastruktura
879,In-groups a out-groups
880,Inhibice
881,Iniciativa občanská
882,Iniciativa pracovní
883,Inkonzistence statusu
884,Inkvizice
885,Inovace
886,Inovace kulturní
887,Instinkt
888,Instinktivismus
889,Instituce
890,Instituce politická
891,Instituce právní
892,Instituce totální
893,Instruktáž tazatelů
894,Intelekt a inteligence
895,Intelektuál
896,Intelektualizace práce
897,Inteligence
898,Inteligence sociální
899,Intencionalita
900,Interakce sociální
901,Interakce statistická
902,Interakcionismus
903,Interakcionismus symbolický
904,Interdialekt
905,Interdisciplinarita
906,Interference jazyková
907,Interiorizace
908,Internalizace
909,Interpenetrace
910,Interpretace
911,Intersubjektivita
912,Intervaly spolehlivosti
913,Intervaly spolehlivosti simultánní
914,Interview
915,Interview ohniskové
916,Interview skupinové
917,Interview standardizované
918,Intimita
919,Intralingvistika
920,Introspekce
921,Intuice
922,Intuitivismus
923,Invalidita
924,Investice
925,Invisible college
926,Inženýrství sociální
927,Inženýrství systémové
928,IQ
929,Iredenta
930,Islám
931,Izolace postižených
932,Izolace sociální
933,Izolát
934,Já
935,Já zrcadlové
936,Jádro kulturní
937,Jáství
938,Jazyk
939,Jazyk mateřský
940,Jazyk národní
941,Jazyk observační
942,Jazyk přirozený
943,Jazyk spisovný
944,Jazyk teoretický
945,Jazyk umělý
946,Jazyk vědy
947,Jednání
948,Jednání kolektivní
949,Jednání komunikativní
950,Jednání sociální
951,Jednotka jazyková
952,Jednotka měření
953,Jev sociální
954,Jiný
955,Jistoty sociální
956,Jméno
957,Jméno řádové
958,Judaismus
959,Jurisprudence
960,JZD
961,Kabala
962,Kacíř
963,Kalokagathia
964,Kalvinismus
965,Kameralistika
966,Kanibalismus
967,Kapitál
968,Kapitál kulturní
969,Kapitál lidský
970,Kapitál sociální
971,Kapitalismus
972,Karbonáři
973,Kariéra
974,Karma
975,Karteziánství
976,Kasta
977,Kasuistika
978,Katastrofa ekologická
979,Kategorie
980,Kategorie sociální
981,Kategorizace
982,Kataři
983,Katolicismus
984,Katolicismus sociální
985,Kauzalita
986,Kauzalita sociální
987,Každodennost
988,Keynesismus
989,Kibuc
990,Kinesika
991,Klaka
992,Klan
993,Klasifikace
994,Klášter
995,Klepy
996,Klerikalismus
997,Klerofašismus
998,Klérus
999,Klient
1000,Klientelismus
1001,Klika
1002,Klima kulturní
1003,Klima populační
1004,Klima sociální
1005,Klíč kódový
1006,Klub
1007,Kluby rotariánské
1008,Kmen
1009,Kněz
1010,Koalice
1011,Kód
1012,Kodér
1013,Kódování
1014,Koeficient determinace
1015,Koeficient humanistický
1016,Koeficient korelace
1017,Koeficient lineární korelace
1018,Koeficient parciální determinace
1019,Koeficient parciální korelace
1020,Koeficient vícenásobné korelace
1021,Koeficient vnitrotřídní korelace
1022,Koeficienty asociace
1023,Koeficienty pořadové korelace
1024,Koeficienty statistické
1025,Koherence skupinová
1026,Koheze skupinová
1027,Kohorta věková
1028,Kolaborace
1029,Kolaborace režimová
1030,Kolektiv
1031,Kolektivismus
1032,Kolektivita
1033,Kolektivizace zemědělství
1034,Komparabilita
1035,Komparace
1036,Kompenzace
1037,Kompetence
1038,Kompetence jazyková
1039,Kompetence kulturní
1040,Kompetence sociální
1041,Kompetice
1042,Komplex ekologický
1043,Komplex Hérostrata
1044,Komplex kulturní
1045,Komplexita
1046,Komputerizace
1047,Komuna
1048,Komunikace
1049,Komunikace ekologická
1050,Komunikace masová
1051,Komunikace neverbální
1052,Komunikace sociální
1053,Komunismus
1054,Komunismus vědecký
1055,Komunita
1056,Komunita městská
1057,Komunita profesní
1058,Komunita umělecká
1059,Komunita urbánní
1060,Komunita vědecká
1061,Komunita vesnická
1062,Komunitta zájmová
1063,Koncept
1064,Konceptualizace
1065,Konec člověka
1066,Konec ideologie
1067,Konfigurace kulturní
1068,Konfiguracionismus
1069,Konfirmace
1070,Konflikt
1071,Konflikt experimentální
1072,Konflikt interpersonální
1073,Konflikt kulturní
1074,Konflikt politický
1075,Konflikt rolí
1076,Konflikt sociální
1077,Konflikt třídní
1078,Konflikt zájmů
1079,Konformismus
1080,Konformita
1081,Konfucianismus
1082,Kongruence statusu
1083,Konkubinát
1084,Konkurence
1085,Konsensus
1086,Konstrukt kultury
1087,Konstruktivismus sociologický
1088,Kontakt kulturní
1089,Kontestetika
1090,Kontext extrasomatický
1091,Kontext objevování
1092,Kontext zdůvodnění
1093,Kontingentismus
1094,Kontrakultura
1095,Kontrarevoluce
1096,Kontrola sociální
1097,Konurbace
1098,Konvence
1099,Konvence společenská
1100,Konvencionalismus
1101,Konvergence kulturní
1102,Konverze
1103,Konzervatismus
1104,Konzistence statusu
1105,Konzumerismus
1106,Kooperace
1107,Korán
1108,Korelace
1109,Korelace kanonická
1110,Korelace nepravá
1111,Korelace skrytá
1112,Korporatismus
1113,Korupce
1114,Kostel
1115,Kouzelník
1116,Kovorolník
1117,Kovozemědělec
1118,Krajané
1119,Krajina
1120,Král
1121,Kreativita
1122,Kriminalita
1123,Kriminologie
1124,Kritika
1125,Kritika pramenů
1126,Krize
1127,Krize agrární
1128,Krize demografická
1129,Krize ekologická
1130,Krize manželství
1131,Krize pokroku
1132,Krize rodiny
1133,Kryptomarxismus
1134,Krystalizace statusu
1135,Křest
1136,Křesťanství
1137,Křivka Gaussova
1138,Křivky Engelovy
1139,Kula
1140,Kulak
1141,Kult
1142,Kult mariánský
1143,Kult osobnosti
1144,Kult předků
1145,Kult rozumu
1146,Kultura
1147,Kultura archeologická
1148,Kultura generická
1149,Kultura jazyková
1150,Kultura lokální
1151,Kultura masová
1152,Kultura místní
1153,Kultura politická
1154,Kultura práce
1155,Kulturkampf
1156,Kulturologie
1157,Kvalifikace
1158,Kvalita života
1159,Kvocient inteligenční
1160,Labelling
1161,Laboretismus
1162,Laissez faire
1163,Lámaismus
1164,Lartpourlartismus
1165,Láska
1166,Láska manželská
1167,Láska mateřská
1168,Láska romantická
1169,Lebensraum
1170,Lebenswelt
1171,Léčitelství přírodní
1172,LeF
1173,Legislativa
1174,Legitimita
1175,Lékařství sociální
1176,Leninismus
1177,Leviathan
1178,Levice – pravice
1179,Levirát
1180,Liberalismus
1181,Libido
1182,Lid
1183,Life history
1184,Life story
1185,Límečky bílé
1186,Límečky modré
1187,Límečky růžové
1188,LINDA
1189,Lingvistika
1190,Lingvistika strukturální
1191,Loajalita
1192,Lobby
1193,Logika
1194,Logika dialektická
1195,Logika objevování
1196,Logika vědy
1197,Logistika
1198,Logokracie
1199,Ludistika
1200,Lumpenproletariát
1201,Lustrace
1202,Luterství
1203,Lůza
1204,Lykantropie
1205,Mccarthismus
1206,Mafie
1207,Magie
1208,Machiavelismus
1209,Majetek
1210,Makrosociologie a mikrosociologie
1211,Makrostruktura a mikrostruktura sociální
1212,Maloburžoazie
1213,Malthuziánství
1214,Management
1215,Management sociální
1216,Management vědecký
1217,Manažer
1218,Manicheismus
1219,Manufaktura
1220,Manýrismus
1221,Manželství
1222,Mapa kognitivní
1223,Mapa mentální
1224,Marginalismus
1225,Marketing
1226,Marxismus
1227,Marxismus-leninismus
1228,Marxologie
1229,Masa
1230,Masarykismus
1231,Maska
1232,Masmédia
1233,Materialismus dialektický
1234,Materialismus historický
1235,Materialismus kulturní
1236,Matka
1237,Matriarchát
1238,Matrika
1239,Matrilinearita
1240,Matrilokalita
1241,Mazdaznan
1242,Mecenáš
1243,Megalopolis
1244,Mechanicismus
1245,Mechanismus sociální
1246,Mechanismy obranné
1247,Mechanismy reflexívní
1248,Mejdan
1249,Melting pot
1250,Měna mechanická
1251,Měna přirozená
1252,Menšina
1253,Menšina náboženská
1254,Menšina národnostní
1255,Meritokracie
1256,Merkantilismus
1257,Měření
1258,Mesianismus
1259,Město
1260,Metaetika
1261,Metafyzika
1262,Metasociologie
1263,Metavěda
1264,Metoda
1265,Metoda analytická
1266,Metoda autobiografická
1267,Metoda binárních kontrastů
1268,Metoda biografická
1269,Metoda delfská
1270,Metoda explorační
1271,Metoda genealogická
1272,Metoda genetická
1273,Metoda historická
1274,Metoda hlavních komponent
1275,Metoda incidenční
1276,Metoda inscenační
1277,Metoda křížových interakcí
1278,Metoda kupónová
1279,Metoda párového srovnání
1280,Metoda sinektická
1281,Metoda srovnávací
1282,Metoda statistická
1283,Metoda typologická
1284,Metoda tvůrčí
1285,Metoda vědecká
1286,Metodismus
1287,Metodologie
1288,Metodologie sociologická
1289,Metodologie vědy
1290,Metody expertní
1291,Metody matematicko-statistické
1292,Metody neparametrické
1293,Metody parametrické
1294,Metody sociologické
1295,Metody sociometrické
1296,Metody výzkumné
1297,Metropole
1298,Metropolizace
1299,Mezaliance
1300,Mezera kulturní
1301,Middletown
1302,Migrace
1303,Mikrocensus
1304,Mikroekonomie
1305,Mikropočítač
1306,Mikrosvět
1307,Milosrdenství
1308,Mimikry sociální
1309,Mínění
1310,Mínění veřejné
1311,Minimax
1312,Minimum životní
1313,Minowismus
1314,Míra incidence
1315,Misionářství
1316,Místo pracovní
1317,Mítink
1318,Mladá Evropa
1319,Mladá Francie
1320,Mládež
1321,Mládí
1322,Mládnutí demografické
1323,Mluva jevištní
1324,Mobilita prostorová
1325,Mobilita sociální
1326,Mobokracie
1327,Moc
1328,Móda
1329,Model
1330,Model kauzální
1331,Model statistický
1332,Modelování
1333,Modelování globální
1334,Modelování kauzální
1335,Modely logaritmicko-lineární
1336,Modely logitové
1337,Modernismus
1338,Modernizace
1339,Modlitba
1340,Mókša
1341,Monarchie
1342,Monetarismus
1343,Monogamie
1344,Monokauzalismus
1345,Monolatrie
1346,Monopol
1347,Monoteismus
1348,Morálka
1349,Morfologie sociální
1350,Motiv
1351,Motivace
1352,Motivace výkonová
1353,Moynihanova zpráva
1354,Mravnost
1355,Mravy
1356,Muž
1357,Mystérium
1358,Mystika
1359,Myšlení magické
1360,Mytologie
1361,Mýtus
1362,Mzda
1363,Nabídka a poptávka
1364,Náboženství
1365,Náboženství náhražkové
1366,Náboženství neviditelné
1367,Náboženství občanské
1368,Náboženství pozitivistické
1369,Náboženství přirozené
1370,Náboženství rozumové
1371,Náboženství světské
1372,Nacionalismus
1373,Nacismus
1374,Náčelník
1375,Nadace findhornská
1376,Nadání
1377,Nadčlověk
1378,Naděje
1379,Naděje dožití
1380,Nadhodnota
1381,Nadpřirozeno
1382,Nadúmrtnost
1383,Nápodoba
1384,Narcismus
1385,Národ
1386,Národnost
1387,Národy přírodní
1388,Nářečí
1389,Násilí
1390,Nástroj výzkumný
1391,Naturalismus
1392,Naturalismus pozitivistický
1393,Nauka církve sociální
1394,Názor
1395,Názor světový
1396,Necessismus
1397,Negativismus
1398,Negramotnost
1399,Nemoc
1400,Nemocnice
1401,Nemocnost
1402,Nenásilí
1403,Neoevolucionismus
1404,Neofašismus
1405,Neofilie
1406,Neokeynesismus
1407,Neolingvistika
1408,Neomalthuziánství
1409,Neomarxismus
1410,Neomerkantilismus
1411,Neopozitivismus
1412,Neopsychoanalýza
1413,Neposlušnost občanská
1414,Nepotismus
1415,Nerovnost sociální
1416,Nesmrtelnost
1417,Nevědomí
1418,Nevědomí kolektivní
1419,Nevolnictví
1420,New Deal
1421,New sociology
1422,Nezaměstnanost
1423,Nivelizace mzdová
1424,Nominalismus
1425,Nookracie
1426,Noosféra
1427,Norma
1428,Norma jazyková
1429,Norma morální
1430,Norma právní
1431,Normalita
1432,Normativ sociální
1433,„nová levice“
1434,„nová pravice“
1435,Novověk
1436,Numinosum
1437,Občan
1438,Občina
1439,Obec
1440,Oběť
1441,Objekt výzkumný
1442,Objektivita
1443,Objev
1444,Oblast kulturní
1445,Oblast metropolitní
1446,Oblasti nejistoty
1447,Obrat antropologický
1448,Obřad
1449,Obřad iniciační
1450,Obřad pohřební
1451,Obřad přechodu
1452,Obsah práce
1453,Obsah sdělení
1454,Obyčej
1455,Obyvatelstvo
1456,Obyvatelstvo bydlící
1457,Obyvatelstvo přítomné
1458,Očekávání
1459,Očekávání racionální
1460,Očekávání základové
1461,Očistec
1462,Odbory
1463,Odcizení
1464,Odd Fellow
1465,Odhad bodový
1466,Odhad intervalový
1467,Odliv mozků
1468,Odměna
1469,Odměna a trest
1470,Odpovědnost
1471,Odraz
1472,Ohnisko kulturní
1473,Ochlokracie
1474,Ochrana přírody
1475,Ochrana životního prostředí
1476,Okruh kulturní
1477,Okultismus
1478,Oligarchie
1479,Olympismus
1480,Ombudsman
1481,Onemocnění
1482,Onomastika
1483,Ontogeneze
1484,Ontologie
1485,Ontologie nová
1486,Operacionalismus
1487,Operacionalizace
1488,Opinion leaders
1489,Opora sociální
1490,Opora výběru
1491,Oportunismus
1492,Opozice
1493,Optimismus sociální
1494,Optimum populační
1495,Organicismus
1496,Organismus sociální
1497,Organizace
1498,Organizace formální
1499,Organizace neformální
1500,Organizace paramilitaristická
1501,Organizace pracovní
1502,Organizace práce
1503,Organizace sociální
1504,Organizace štábní
1505,Orientace hodnotová
1506,Originalita
1507,Ortodoxie
1508,Ortopraxe
1509,Osm věků člověka
1510,Osobnost
1511,Kultura a osobnost
1512,Osobnost autoritářská
1513,Osobnost bazální
1514,Osobnost charismatická
1515,Osobnost dogmatická
1516,Osobnost marginální
1517,Osobnost modální
1518,Osobnost populární
1519,Ostforschung
1520,Ostrakismus
1521,Ostuda veřejná
1522,Osvěta
1523,Osvícenství
1524,Otázka agrární
1525,Otázka bytová
1526,Otázka česká
1527,Otázka filtrační
1528,Otázka jazyková
1529,Otázka otevřená
1530,Otázka polootevřená
1531,Otázka projektivní
1532,Otázka romská
1533,Otázka sociální
1534,Otázka uzavřená
1535,Otázka ženská
1536,Otázka židovská
1537,Otec
1538,Otevřenost a uzavřenost postojová
1539,Otroctví
1540,Ovdovění
1541,Ovlivňování
1542,Pacient
1543,Pacifismus
1544,Paleoantropologie
1545,Paleodemografie
1546,Paměť
1547,Paměť sociální
1548,Pansociologismus
1549,Panství
1550,Panství charismatické
1551,Panství tradiční
1552,Panteon
1553,Papež
1554,Paradigma
1555,Paradigma sociologické
1556,Paradox Meehlův
1557,Paralingvistika
1558,Paramedicína
1559,Parapsychologie
1560,Parazitismus sociální
1561,Pária
1562,Parlament
1563,Parlamentarismus
1564,Partnerství sociální
1565,Pasport sociální
1566,Pastouška
1567,Paternalismus státní
1568,Patologie sociální
1569,Patriarchát
1570,Patrilinearita
1571,Patrilokalita
1572,Patriotismus
1573,Patron
1574,Paulikiáni
1575,Pauperizace
1576,PC
1577,Péče sociální
1578,Pedagogika
1579,Pedagogika sociální
1580,Pediatrie sociální
1581,Peklo
1582,Peníze
1583,Percepce sociální
1584,Perestrojka
1585,Performance sociokulturní
1586,Periferie
1587,Periodizace dějin
1588,Periodizace českých dějin
1589,Peronismus
1590,Persona
1591,Personalismus
1592,Personalistika
1593,Pietismus
1594,Pilot nation
1595,Pilotáž
1596,Plánování ekonomické
1597,Plánování jazykové
1598,Plánování národohospodářské
1599,Platonismus
1600,Plebiscit
1601,Plemeno
1602,Plodnost
1603,Plodnost diferenční
1604,Pluralismus kulturní
1605,Pluralismus teoretický
1606,Plutokracie
1607,Pocta veřejná
1608,Počítač
1609,Počítač osobní
1610,Poddanství
1611,Podmiňování
1612,Podmínky pracovní
1613,Podmínky životní
1614,Podněty podprahové
1615,Podnik
1616,Podnikatel
1617,Podobnost
1618,Podruh
1619,Podvědomí
1620,Poetismus
1621,Pohanství
1622,Pohlaví
1623,Pojem
1624,Pojem mentální
1625,Pojištění sociální
1626,Pojištění zdravotní
1627,Pojišťovnictví
1628,Pokání
1629,Pokolení
1630,Pokrok
1631,Pól rozvoje
1632,Pole sociální
1633,Politika
1634,Politika agrární
1635,Politika bytová
1636,Politika ekologická
1637,Politika hospodářská
1638,Politika jazyková
1639,Politika kulturní
1640,Politika migrační
1641,Politika mzdová
1642,Politika natalitní
1643,Politika populační
1644,Politika rodinná
1645,Politika sociální
1646,Politika školská
1647,Politika vědní
1648,Politologie
1649,Poloha geografická
1650,Poloproletariát
1651,Polosvět
1652,Polyandrie
1653,Polygamie
1654,Polygynie
1655,Polyteismus
1656,Poměr korelační
1657,Pomluva
1658,Pop-music
1659,Populace
1660,Populace otevřená
1661,Populace stabilní
1662,Populace stacionární
1663,Populace zajatá
1664,Populacionismus
1665,Populacionistika
1666,Popularita
1667,Populismus
1668,Poradenství
1669,Poradenství manželské a rodinné
1670,Poradenství pracovně profesní
1671,Porod
1672,Porodnost
1673,Porota
1674,Porozumění
1675,Posluchač
1676,Poslušnost
1677,Pospolitost
1678,Postavení sociální
1679,Postmaterialismus
1680,Postmodernismus
1681,Postoj
1682,Poststrukturalismus
1683,Posvátné a profánní
1684,Potenciál lidský
1685,Potenciál sociokulturní
1686,Potlach
1687,Potrat
1688,Potratovost
1689,Potřeby
1690,Potřeby kulturní
1691,Potřeby vzdělávací
1692,Pouť
1693,Pověra
1694,Pověst
1695,Povinnost
1696,Povstání
1697,Pozice pracovní
1698,Pozice sociální
1699,Pozitivismus logický
1700,Poznatek
1701,Pozorování
1702,Pozorování přímé
1703,Práce
1704,Práce domácí
1705,Práce fyzická a duševní
1706,Práce rozdrobená
1707,Práce s veřejností
1708,Práce sociální
1709,Pragmatika jazyková
1710,Pragmatismus
1711,Prameny demografických dat
1712,Prameny historické
1713,Pranýřování
1714,Práva lidská
1715,Pravidlo o pořadí a velikosti
1716,Právo
1717,Právo na práci
1718,Právo na sebeurčení
1719,Právo na soukromí
1720,Právo na stávku
1721,Právo na život
1722,Právo přirozené
1723,Právo státní
1724,Právo volební
1725,Pravoslaví
1726,Praxe
1727,Praxeologie
1728,Pražský lingvistický kroužek
1729,Predestinace
1730,Predikce
1731,Preference
1732,PRES jurisprudence
1733,Prestiž
1734,Prevence
1735,Prezentismus
1736,Primitiv
1737,Princip komplementarity
1738,Princip obezřetnosti
1739,Princip slasti
1740,Princip tolerance
1741,Principia media
1742,Privatizace
1743,Privilegium
1744,Problém sociální
1745,Problémy globální
1746,Procedura experimentální
1747,Procedura extenzívní
1748,Procedura historická
1749,Procedura komparativní
1750,Procedura monografická
1751,Procedura statistická
1752,Procedura typologická
1753,Procedura výzkumná
1754,Procesy politické
1755,Procesy sociálně-ekologické
1756,Procesy stochastické
1757,Produktivita práce
1758,Profese
1759,Profesionalismus
1760,Profesionalizace
1761,Profesionál
1762,Profetismus
1763,Profil sociální
1764,Prognostika
1765,Prognóza
1766,Prognóza bez překvapení
1767,Prognóza explorativní
1768,Prognóza normativní
1769,Prognóza podmíněná
1770,Prognóza průřezová
1771,Prognóza sociální
1772,Prognóza varovná
1773,Prognóza zpětná
1774,Program sociální
1775,Program výzkumný
1776,Programy počítačové pro společenské vědy
1777,Prohibice
1778,Projekce
1779,Projekce podprahová
1780,Projekce populační
1781,Projekt výzkumný
1782,Proletariát
1783,Proletarizace
1784,Proliferace
1785,Proměnná endogenní
1786,Proměnná kontextuální
1787,Promiskuita
1788,Propagace
1789,Propagace hospodářská
1790,Propagace obchodní
1791,Propagace od úst k ústům
1792,Propaganda
1793,Propaganda sociologická
1794,Proroctví
1795,Proroctví sebenaplňující se
1796,Prostituce
1797,Prostor sociální
1798,Prostor životní
1799,Prostředí geografické
1800,Prostředí pracovní
1801,Prostředí sociální
1802,Prostředí životní
1803,Protekcionismus
1804,Protestantismus
1805,Protireformace
1806,Providencialismus
1807,Proxemika
1808,Prožitek
1809,Průmysl
1810,Průmysl volného času
1811,Prvek kulturní
1812,Přátelství
1813,Předmět výzkumu
1814,Předsudek
1815,Předsudky národnostní
1816,Předsudky rasové
1817,Předvýzkum
1818,Přelidnění
1819,Přemístění cílů
1820,Přesvědčení
1821,Převrat státní
1822,Přezdívka
1823,Příbuzenství
1824,Příbuzenství nepokrevní
1825,Příbuzenství pokrevní
1826,Případ
1827,Příprava dat
1828,Příroda
1829,Přirozenost
1830,Přírůstek populační
1831,Přísloví
1832,Příslušnost etnická
1833,Přístup systémový
1834,Příživnictví
1835,Psychiatrie
1836,Psychiatrie sociální
1837,Psychoanalýza
1838,Psychodrama
1839,Psychohistorie
1840,Psycholingvistika
1841,Psychologie
1842,Psychologie analytická
1843,Psychologie citů
1844,Psychologie ekologická
1845,Psychologie ekonomická
1846,Psychologie environmentální
1847,Psychologie humanistická
1848,Psychologie klinická
1849,Psychologie kultury
1850,Psychologie obecná
1851,Psychologie osobnosti
1852,Psychologie peněz
1853,Psychologie práce
1854,Psychologie reklamy
1855,Psychologie self
1856,Psychologie sociální
1857,Psychologie společenská
1858,Psychologie transpersonální
1859,Psychologika
1860,Psychologismus
1861,Psychometrika
1862,Psychopatologie
1863,Psychosociologie
1864,Public health
1865,Public relations
1866,Publicita
1867,Publikum
1868,Puč
1869,Pud
1870,Půda
1871,Puerilismus
1872,Punk
1873,Puritanismus
1874,Půst
1875,Původ sociální
1876,Pyramida věková
1877,Racionalismus
1878,Racionalismus kritický
1879,Racionalita
1880,Ráj
1881,Ráj a peklo
1882,Randomizace
1883,Rasa
1884,Rasismus
1885,Reaktance
1886,Realismus
1887,Realita sociální
1888,Rebelie
1889,Reciprocita
1890,Reciprocita perspektiv
1891,Redukce fenomenologická
1892,Redukcionismus
1893,Referendum
1894,Reflex podmíněný
1895,Reflexivita
1896,Reflexologie
1897,Reforma ekonomická
1898,Reforma pozemková
1899,Reformace
1900,Reformismus
1901,Region metropolitní
1902,Regionalizace
1903,Registry statistické
1904,Regrese psychická
1905,Regulace sociální
1906,Regulativy sociokulturní
1907,Reinkarnace
1908,Reklama
1909,Rekonstrukcionismus
1910,Rekreace
1911,Relativismus etický
1912,Relativismus kulturní
1913,Relativismus morální
1914,Reliabilita
1915,Religionistika
1916,Religionistika komparativní
1917,Religiozita
1918,Renta
1919,Reprezentativita
1920,Reprodukce demografická
1921,Reprodukce pracovní síly
1922,Reprodukce sociální
1923,Resentiment
1924,Resocializace
1925,Respondent
1926,Restaurace
1927,Rétorika
1928,Retreatismus
1929,Revizionismus
1930,Revolta
1931,Revoluce
1932,Revoluce buržoazní
1933,Revoluce demografická
1934,Revoluce hlav a srdcí
1935,Revoluce neolitická
1936,Revoluce permanentní
1937,Revoluce proletářská
1938,Revoluce průmyslová
1939,Revoluce sexuální
1940,Revoluce tichá
1941,Revoluce vědeckotechnická
1942,Rezidua a derivace
1943,Rezignace
1944,Režim politický
1945,Režim pracovní
1946,Rituál
1947,Robotizace
1948,Rod
1949,Rodičovství
1950,Rodičovství plánované
1951,Rodina
1952,Rodina neúplná
1953,Role
1954,Role rodinné
1955,Rolnictvo
1956,Rolník
1957,Rolník drobný
1958,Rolník střední
1959,Romantismus
1960,Romové
1961,Rotariánství
1962,Rovnoprávnost žen
1963,Rovnost sociální
1964,Rovnostářství
1965,Rovnováha ekologická
1966,Rovnováha moci
1967,Rovnováha sociální
1968,Rozhodování
1969,Rozklad statistický
1970,Rozložení normální
1971,Rozložení statistické
1972,Rozpočet časový
1973,Rozum
1974,Rozvod
1975,Rozvodovost
1976,Rozvoj trvale udržitelný
1977,Rozvoj vědeckotechnický
1978,Rurbanizace
1979,Rytířství
1980,Řada statistická
1981,Řád
1982,Řád rození a vymírání
1983,Řád rytířský
1984,Řád řeholní
1985,Řád sociální
1986,Řád společenský
1987,Řeč
1988,Řemeslník
1989,Řemeslo
1990,Řetězce Markovovy
1991,Římský klub
1992,Samospráva
1993,Samospráva místní
1994,Samovýběr
1995,Samozásobitelství
1996,Sankce
1997,Satan
1998,Satanismus
1999,Saturace
2000,Sběratelství
2001,Sbližování sociální
2002,Scénáře budoucnosti
2003,Scientismus
2004,Sci-fi
2005,Sčítání lidu
2006,Sdělení
2007,Sdělení výkonové
2008,Sebehodnocení
2009,Sebepozorování
2010,Seberealizace
2011,Sebereference
2012,Sebestylizace
2013,Sebevědomí
2014,Sebevražda
2015,Sebevzdělávání
2016,Sedlák
2017,Segment rodu
2018,Segregace
2019,Sekta
2020,Sektor hospodářský
2021,Sekularizace
2022,Self
2023,Sémantika
2024,Sémantika obecná
2025,Sémiologie
2026,Sémiotika
2027,Sémiotika města
2028,Senzace
2029,Service club
2030,Sexualita
2031,Sexuologie
2032,Sféra geografická
2033,Sféra krajinná
2034,Shoda statistická
2035,Schéma výkladové
2036,Schéma znaménkové
2037,Schizma
2038,Schizmatik
2039,Sídliště
2040,Sídlo
2041,Síla pracovní
2042,Simulace
2043,Sionismus
2044,Situace biografická
2045,Situace konfliktní
2046,Situace mezní
2047,Síť demografická
2048,Síť sociální
2049,Síť tazatelská
2050,Skalogram Guttmanův
2051,Skandál
2052,Skandalizace
2053,Skauting
2054,Skinheadi
2055,Skupina cizí
2056,Skupina členská
2057,Skupina formální
2058,Skupina kontrolní
2059,Skupina malá
2060,Skupina nátlaková
2061,Skupina neformální
2062,Skupina pracovní
2063,Skupina primární
2064,Skupina referenční
2065,Skupina rodinná
2066,Skupina sekundární
2067,Skupina společenská
2068,Skupina svépomocná
2069,Skupina vlastní
2070,Skupina zájmová
2071,Skupiny setkávání
2072,Skutečnost sociální
2073,Slang
2074,Sloh umělecký
2075,Sloh životní
2076,Složitost práce
2077,Služby
2078,Služby sociální
2079,Směna sociální
2080,Smír sociální
2081,Smlouva kolektivní
2082,Smlouva společenská
2083,Smrt
2084,Smysl dějin
2085,Snímek časový
2086,Snobismus
2087,Sňatečnost
2088,Sňatek
2089,Socialismus
2090,Socialismus český
2091,Socialismus družstevní
2092,Socialismus fabiánský
2093,Socialismus gildový
2094,Socialismus katedrový
2095,Socialismus reálný
2096,Socialismus samosprávný
2097,Socialismus skupinový
2098,Socialismus švédský
2099,Socialismus tržní
2100,Sociální
2101,Socializace
2102,Socializace anticipující
2103,Sociální a společenské
2104,Societa pracovní
2105,Societální
2106,Sociobiologie
2107,Sociodrama
2108,Sociofonetika
2109,Sociogram
2110,Sociolingvistika
2111,Sociolog
2112,Sociologie
2113,Sociologie absurdity
2114,Sociologie administrativy
2115,Sociologie akademická
2116,Sociologie alternativní
2117,Sociologie americká
2118,Sociologie angažovaná
2119,Sociologie architektury
2120,Sociologie belgická
2121,Sociologie biografická
2122,Sociologie britská
2123,Sociologie budoucnosti
2124,Sociologie bulharská
2125,Sociologie bydlení
2126,Sociologie cestovního ruchu
2127,Sociologie česká do r. 1948
2128,Sociologie česká v l. 1948–1994
2129,Sociologie čínská
2130,Sociologie deviantního chování
2131,Sociologie dialektická
2132,Sociologie dítěte
2133,Sociologie dopravy
2134,Sociologie dramaturgická
2135,Sociologie duševních chorob
2136,Sociologie ekonomická
2137,Sociologie emocí
2138,Sociologie empirická
2139,Sociologie existencialistická
2140,Sociologie farnosti
2141,Sociologie feministická
2142,Sociologie fenomenologická
2143,Sociologie formální
2144,Sociologie francouzská
2145,Sociologie historická
2146,Sociologie hodnot
2147,Sociologie hudby
2148,Sociologie humanistická
2149,Sociologie husitství
2150,Sociologie chápající
2151,Sociologie indická
2152,Sociologie interpretativní
2153,Sociologie italská
2154,Sociologie izraelská
2155,Sociologie japonská
2156,Sociologie jazyka
2157,Sociologie jídla
2158,Sociologie jugoslávská
2159,Sociologie kanadská
2160,Sociologie klinická
2161,Sociologie kněze
2162,Sociologie kognitivní
2163,Sociologie komparativní
2164,Sociologie konzervativní
2165,Sociologie kritická
2166,Sociologie kultury
2167,Sociologie kvalitativní
2168,Sociologie kybernetická
2169,Sociologie laická
2170,Sociologie lidských sídel
2171,Sociologie literatury
2172,Sociologie maďarská
2173,Sociologie malých skupin
2174,Sociologie marxistická
2175,Sociologie marxisticko-leninská
2176,Sociologie masové kultury
2177,Sociologie matematická
2178,Sociologie medicíny
2179,Sociologie města
2180,Sociologie mexická
2181,Sociologie mládeže
2182,Sociologie moci
2183,Sociologie módy
2184,Sociologie morálky
2185,Sociologie náboženství
2186,Sociologie nemarxistická
2187,Sociologie německá
2188,Sociologie nizozemská
2189,Sociologie Nového Zélandu
2190,Sociologie obce
2191,Sociologie obecná
2192,Sociologie olympijských her
2193,Sociologie organizace
2194,Sociologie pedagogická
2195,Sociologie peněz
2196,Sociologie podniku
2197,Sociologie politiky
2198,Sociologie polská
2199,Sociologie povolání
2200,Sociologie pozitivistická
2201,Sociologie práce
2202,Sociologie práva
2203,Sociologie právní
2204,Sociologie průmyslu
2205,Sociologie radikální
2206,Sociologie rakouská
2207,Sociologie reflexívní
2208,Sociologie reklamy
2209,Sociologie rekreace
2210,Sociologie religiozity
2211,Sociologie rodiny
2212,Sociologie románu
2213,Sociologie rumunská
2214,Sociologie ruská a v Sovětském svazu
2215,Sociologie semikvantitativní
2216,Sociologie sexuality
2217,Sociologie singapurská
2218,Sociologie skandinávská
2219,Sociologie slovenská
2220,Sociologie sociálních hnutí
2221,Sociologie sociologie
2222,Sociologie sportu
2223,Sociologie spotřeby
2224,Sociologie stáří
2225,Sociologie státu
2226,Sociologie stranictví
2227,Sociologie systémová
2228,Sociologie španělská
2229,Sociologie tělesné kultury
2230,Sociologie tělesné výchovy
2231,Sociologie teoretická
2232,Sociologie trhů
2233,Sociologie umění
2234,Sociologie v Austrálii
2235,Sociologie v Brazílii
2236,Sociologie v Ghaně
2237,Sociologie v Hongkongu
2238,Sociologie v Chile
2239,Sociologie v Kolumbii
2240,Sociologie ve Švýcarsku
2241,Sociologie ve Venezuele
2242,Sociologie v Zimbabwe
2243,Sociologie války
2244,Sociologie venkova
2245,Sociologie veřejného mínění
2246,Sociologie vesnice
2247,Sociologie vědění
2248,Sociologie vědy
2249,Sociologie vojenství
2250,Sociologie volného času
2251,Sociologie výchovy
2252,Sociologie výtvarného umění
2253,Sociologie vzdělání
2254,Sociologie zemědělství
2255,Sociologismus
2256,Sociometrie
2257,Sociosomatika
2258,Sociotechnika
2259,Socware
2260,Software
2261,Sokol
2262,Solidarita
2263,Solidarita mechanická a organická
2264,Sororát
2265,Soubor výběrový
2266,Soubor výzkumný cílový
2267,Soubor základní
2268,Soud boží
2269,Soukromí
2270,Soupeření
2271,Soupeření experimentální
2272,Sousedství
2273,Soustava vzdělávací
2274,Soutěživost
2275,Soužití nesezdané
2276,Sovětologie
2277,Spása
2278,Spirála mlčení
2279,Spiritismus
2280,Spokojenost pracovní
2281,Společenství
2282,Společenství etnické
2283,Společenství politické
2284,Společenství tradiční
2285,Společenstvo
2286,Společnost
2287,Společnost beztřídní
2288,Společnost globální
2289,Společnost industriální
2290,Společnost informační
2291,Společnost kapitalistická
2292,Společnost komplexní
2293,Společnost konzumní
2294,Společnost masová
2295,Společnost moderní
2296,Společnost občanská
2297,Společnost otevřená
2298,Společnost postindustriální
2299,Společnost postmoderní
2300,Společnost preindustriální
2301,Společnost preliterární
2302,Společnost primitivní
2303,Společnost riziková
2304,Společnost samoobslužná
2305,Společnost služeb
2306,Společnost socialistická
2307,Společnost stavovská
2308,Společnost tajná
2309,Společnost technetronní
2310,Společnost třídní
2311,Společnost vojenská a společnost průmyslová
2312,Společnost výkonová
2313,Spolek
2314,Spolek krajanský
2315,Spolek odborový
2316,Spolupráce
2317,Spolupráce experimentální
2318,Spolurozhodování pracujících
2319,Sponzorství
2320,Spor o univerzálie
2321,Sport
2322,Spotřeba
2323,Spotřeba demonstrativní
2324,Spotřeba masová
2325,Spotřeba prestižní
2326,Spotřebitel
2327,Správa
2328,Spravedlnost sociální
2329,SPSS
2330,Squareville
2331,Squateři
2332,Stabilita ekologická
2333,Stabilita sociální
2334,Stalinismus
2335,Standard životní
2336,Standardizace
2337,Stárnutí
2338,Stárnutí demografické
2339,Starověk
2340,Stáří
2341,Stát
2342,Stát absolutistický
2343,Stát blahobytu
2344,Stát fašistický
2345,Stát minimální
2346,Stát moderní
2347,Stát národní
2348,Stát obchodní uzavřený
2349,Stát policejní
2350,Stát právní
2351,Stát sociální
2352,Stát stavovský
2353,Statek
2354,Statika sociální
2355,Statistika demografická
2356,Statistika sociální
2357,Statistiky
2358,Status
2359,Status připsaný
2360,Status quo
2361,Status sociometrický
2362,Stav rodinný
2363,Stav selský
2364,Stav urozených
2365,Stávka
2366,Stavy
2367,Stěhování
2368,Stereotyp
2369,Stereotyp dynamický
2370,Stereotyp životní
2371,Stigmatizace
2372,Stimulace
2373,Strach
2374,Strana agrární
2375,Strana honorační
2376,Strana konfesní
2377,Strana masová
2378,Strana politická
2379,Strana Zelených
2380,Strata
2381,Strategie domácnosti
2382,Strategie konfliktní
2383,Strategie politická
2384,Strategie výzkumná
2385,Stratifikace sociální
2386,Stratometrie
2387,Stres
2388,Stroj
2389,Strom cílů
2390,Strom významnosti
2391,Struktura
2392,Struktura demografická
2393,Struktura sociální
2394,Struktura sociologie paradigmatická
2395,Struktura třídní
2396,Struktura věková
2397,Strukturalismus
2398,Strukturalismus genetický
2399,Struktury organizační
2400,Středověk
2401,Student
2402,Studie komunitní
2403,Stupnice kvalifikační
2404,Styl
2405,Styl manažerský
2406,Styl řízení
2407,Styl životní
2408,Stylizace
2409,Subkultura
2410,Subkultura mládeže
2411,Sublimace
2412,Submise
2413,Substituce
2414,Suburbanizace
2415,Superego
2416,Superorganismus
2417,Surrealismus
2418,Svatba
2419,Svátek
2420,Svatý
2421,Svědomí
2422,Svět sociální
2423,Svět standardní
2424,Svět životní
2425,Svoboda
2426,Symbol
2427,Symboláty
2428,Sympatie – antipatie
2429,Synagoga
2430,Syndikát
2431,Syndrom konzervativní
2432,Syndrom Lazarův
2433,Syndrom Proustův
2434,Synektika
2435,Synergetika
2436,Synkretismus
2437,Syntéza
2438,Systém právní
2439,Systém sociální
2440,Systém sociokulturní
2441,Systémy řízení automatizované
2442,Šaman
2443,„šedá zóna“
2444,Šeptanda
2445,Šetření dotazníkové
2446,Šetření omnibusové
2447,Šetření panelové
2448,Šetření terénní
2449,Šetření výběrová
2450,Šikanování
2451,Škálování
2452,Škálování mnohorozměrné
2453,Škola
2454,Škola Annales
2455,Škola demografická
2456,Škola frankfurtská
2457,Škola geografická
2458,Škola chicagská
2459,Škola kolínská
2460,Škola lingvistická pražská
2461,Škola mechanistická
2462,Škola organistická
2463,Škola právní sociologická
2464,Škola rasově antropologická
2465,Škola sociologická
2466,Škola francouzská
2467,Škola pražská
2468,Škola vědecká
2469,Šlechta
2470,Šok kulturní
2471,Šovinismus
2472,Štěstí
2473,T-groups
2474,Tabu
2475,Tabulky kontingenční
2476,Tabulky náhodných čísel
2477,Tabulky plodnosti
2478,Tabulky rozvodovosti
2479,Tabulky sňatečnosti
2480,Tabulky statistické
2481,Tabulky úmrtnostní
2482,Tabulky života
2483,Taizé
2484,Tantrismus
2485,Taoismus
2486,Taxonomie
2487,Tazatel
2488,Technika
2489,Technika dotazníku
2490,Technika přímého pozorování
2491,Technika rozhovoru
2492,Techniky expresivní
2493,Techniky projektivní
2494,Techniky sběru informací
2495,Techniky sociální
2496,Techniky terénní
2497,Technizace
2498,Technizace práce
2499,Technokratismus
2500,Technologie
2501,Tělo
2502,Témata kulturní
2503,Temperament
2504,Teodicea
2505,Teofilantropie
2506,Teokracie
2507,Teologie
2508,Teologie osvobození
2509,Teologie sociální
2510,Teorém
2511,Teorém Thomasův
2512,Teorie
2513,Teorie centrálních míst
2514,Teorie demokracie
2515,Teorie donucení
2516,Teorie ekonomického růstu
2517,Teorie elit
2518,Teorie front
2519,Teorie grafů
2520,Teorie her
2521,Teorie hodnot
2522,Teorie hodnoty
2523,Teorie hospodářského cyklu
2524,Teorie informace
2525,Teorie katastrof
2526,Teorie kauzality
2527,Teorie komunikace
2528,Teorie konfliktu
2529,Teorie konvergence
2530,Teorie kritická
2531,Teorie kultury
2532,Teorie mezního užitku
2533,Teorie míru
2534,Teorie moci
2535,Teorie očekávání
2536,Teorie odrazu
2537,Teorie organizace
2538,Teorie pohyblivé hranice
2539,Teorie pole
2540,Teorie populační
2541,Teorie potřeb
2542,Teorie racionálních očekávání
2543,Teorie rozdělování
2544,Teorie sociální antické
2545,Teorie sociální interakce
2546,Teorie sociální směny
2547,Teorie sociálního systému
2548,Teorie sociálních sítí
2549,Teorie sociologická
2550,Teorie společnosti konspirační
2551,Teorie středního dosahu
2552,Teorie sympatie
2553,Teorie systémů obecná
2554,Teorie války
2555,Teorie vědy
2556,Teorie výkonové motivace
2557,Teorie vývoje cyklické
2558,"Teorie X, Y, Z, A"
2559,Teorie zájmová
2560,Teozofie
2561,Terapie rodinná
2562,Terén výzkumný
2563,Teritorialita
2564,Termín primitivní
2565,Terorismus
2566,Test frustrační Rosenzweigův
2567,Testy projektivní
2568,Test Rorschachův
2569,Test sociometrický
2570,Test statistický
2571,Test tematický apercepční
2572,Testování statistických hypotéz
2573,Testování statistických hypotéz simultánní
2574,Testy inteligence
2575,Testy konjunkturní
2576,Testy osobnosti
2577,Testy psychologické
2578,Testy schopností
2579,Testy znalostí
2580,Thanatologie
2581,Thanatos
2582,Tlupa
2583,Tolerance
2584,Tolerance represivní
2585,Tóra
2586,Totalita
2587,Totalitarismus
2588,Totem
2589,Totemismus
2590,Trade-union
2591,Tradice
2592,Tradicionalismus
2593,Trajektorie
2594,Tramping
2595,Transcendentalismus
2596,Transgrese
2597,Trend
2598,Trend mnohonásobný
2599,Trend obalový
2600,Trend vedoucí
2601,Trendy sekulární
2602,Trest
2603,Trh
2604,Trh černý
2605,Trh práce
2606,Trh práce vnitřní
2607,Trockismus
2608,„třetí cesta“
2609,„třetí svět“
2610,„třetí vlna“
2611,Třída
2612,Třída dělnická
2613,Třída družstevních rolníků
2614,Třída nová
2615,Třída nová dělnická
2616,Třída o sobě a třída pro sebe
2617,Třída servisní
2618,Třída střední
2619,Třída vládnoucí
2620,Třída zahálčivá
2621,Turnerství
2622,Tvůrci veřejného mínění
2623,Typ
2624,Typ ideální
2625,Typ kulturní
2626,Typologie
2627,Typologie sociologických přístupů
2628,Typologie společností
2629,Tyranie
2630,Účast pracujících na řízení
2631,Učení
2632,Učení sociální
2633,Učeň
2634,Učitel
2635,Událost
2636,Události demografické
2637,Ukazatel
2638,Ukazatel sociální
2639,Ukazatel statistický
2640,Ukazatel syntetický
2641,Ukazatele demografické
2642,Ultramontanismus
2643,Umělec
2644,Umění
2645,Umění řídit
2646,Úmrtí
2647,Úmrtnost
2648,Umwelt
2649,Uniformita
2650,Univerzálie
2651,Univerzálie evoluční
2652,Univerzálie kulturní
2653,Urbanismus
2654,Urbanizace
2655,Urozenost
2656,Úroveň kulturní
2657,Úřad
2658,Úředník
2659,Usedlost
2660,Ustanovka
2661,Utilitarismus
2662,Utilitarismus axiologický
2663,Utopie
2664,Úvěrování
2665,Území metropolitní
2666,Úzkost
2667,Užitek
2668,Užitek mezní
2669,Validita
2670,Validizace
2671,Válka
2672,Válka kolébek
2673,Válka náboženská
2674,Válka psychologická
2675,Vandalismus
2676,Variantnost jazyková
2677,Vazalství
2678,Vdovství
2679,Věc veřejná
2680,Věda
2681,Věda formální
2682,Věda neklasická
2683,Věda reálná
2684,Věda regionální
2685,Vědění
2686,Vědomí
2687,Vědomí běžné
2688,Vědomí ideologické
2689,Vědomí kolektivní
2690,Vědomí možné
2691,Vědomí právní
2692,Vědomí společenské
2693,Vědomí teoretické
2694,Vědomí třídní
2695,Vědomí utopické
2696,Vědy behaviorální
2697,Vědy exaktní
2698,Vědy hospodářské
2699,Vědy humanitní
2700,Vědy idiografické
2701,Vědy nomotetické
2702,Vědy politické
2703,Vědy právní
2704,Vědy sociální
2705,Věk
2706,Věk třetí
2707,Vektory kulturní
2708,Veličina
2709,Veličina náhodná
2710,Velkoměsto
2711,Venkov
2712,Verifikace
2713,Veřejnost
2714,Vesnice
2715,Věrohodnost
2716,Vídeňský kruh
2717,Viktimologie
2718,Vina
2719,Vina kolektivní
2720,Víra
2721,Vizionářství
2722,Vkus
2723,Vládce
2724,Vlastenectví
2725,Vlastnictví
2726,Vlastník
2727,Vlastnost
2728,Vlastnost psychická
2729,Vnímání
2730,Volby
2731,Völkerpsychologie
2732,Vrchnost
2733,Vrstevníci
2734,Vrstva
2735,Vrstvy deklasované
2736,Vůdce
2737,Vůdcovství
2738,Vůdcovství charismatické
2739,Vůle
2740,Vůle k moci
2741,Výběr dvou- (více-) fázový
2742,Výběr komplexní
2743,Výběr kvótní
2744,Výběr metodou sněhové koule
2745,Výběr pravděpodobnostní
2746,Výběr prostý náhodný
2747,Výběr reprezentativní
2748,Výběr řízený
2749,Výběr se stejnými pravděpodobnostmi
2750,Výběr skupinkový
2751,Výběr spontánní
2752,Výběr stratifikovaný
2753,Výběr systematický
2754,Výběr vícestupňový
2755,Výběr záměrný
2756,Výběry geografické
2757,Výcvik sociální
2758,Výchova
2759,Výchova občanská
2760,Výchova rodinná náhradní
2761,Výchova tělesná
2762,Výchova vědecká
2763,Vykořisťování
2764,Výměnek
2765,Vynález
2766,Výpravy křížové
2767,Výročí
2768,Vytěsnění
2769,Vývoj
2770,Vývoj morální
2771,Vývoj populační
2772,Výzkum aplikovaný
2773,Výzkum budoucnosti
2774,Výzkum demografický
2775,Výzkum diagnostický
2776,Výzkum empirický
2777,Výzkum explorativní
2778,Výzkum hodnot
2779,Výzkum chronologický
2780,Výzkum komparativní
2781,Výzkum konfirmační
2782,Výzkum konkrétní sociologický
2783,Výzkum kontrolní
2784,Výzkum longitudinální
2785,Výzkum orientační
2786,Výzkum retrospektivní
2787,Výzkum teoretický
2788,Výzkum terénní
2789,Výzkum trhu
2790,Výzkum verifikační
2791,Výzkum veřejného mínění
2792,Vzdělanec
2793,Vzdělávání
2794,Vzdělávání dospělých
2795,Vzdělávání politické
2796,Vzor chování
2797,Vzor kulturní
2798,Vztah primární
2799,Vztah příbuzenský
2800,Vztahy interpersonální
2801,Vztahy mocenské
2802,Vztahy rodinné
2803,Vztahy sociální
2804,Welfare state
2805,Well-being
2806,Woodcraft
2807,Wotanismus
2808,Yuppies
2809,Zábava
2810,Zabezpečení sociální
2811,Zájem
2812,Zájem soukromý
2813,Zájem společenský
2814,Zájem veřejný
2815,Zákazník
2816,Zákazy alimentární
2817,Základna materiálně-technická
2818,Zákon
2819,Zákon Brillouinův
2820,Zákon nabídky a poptávky
2821,Zákonitost
2822,Zákonodárce
2823,Zákony Engelovy
2824,Zákony populační
2825,Zákony velkých čísel
2826,Zaměstnanost
2827,Zatracení
2828,Závazek
2829,Závislost statistická
2830,Záznam dat
2831,Zázrak
2832,Zbohatlík
2833,Zdraví
2834,Zdravotnictví
2835,Zdravotnictví veřejné
2836,Zednářství
2837,Zeitgeschichte
2838,Zemědělství
2839,Zemědělství alternativní
2840,Zen-buddhismus
2841,Zkušenost
2842,Zkušenost sociální
2843,„zlaté pravidlo jednání“
2844,Zlepšovatelství
2845,Zlo
2846,Zlo banální
2847,Změna kulturní
2848,Změna revoluční
2849,Změna sociální
2850,Znak
2851,Znalost práva
2852,Znárodnění
2853,Zoosociologie a zoopsychologie
2854,Zoroastrismus
2855,Zpevňování sociální
2856,Zpověď
2857,Zpráva sociální
2858,Zpráva výzkumná
2859,Způsob života
2860,Způsob života konzumní
2861,Zrání sociální
2862,Zvyk
2863,Zvyklost
2864,Žák
2865,Žargon
2866,„železný zákon mzdový“
2867,„železný zákon oligarchie“
2868,Žena
2869,Ženy v sociologii
2870,Židé
2871,Život
2872,Životopis
2873,Žvást
2874,Pozitivismus
2875,Folkways
2876,Gender role
2877,Choroba duševní
2878,Chování řečové
2879,Integrace sociální
2880,Jednání patologické
2881,Jméno posvátné
2882,Sociologická jurisprudence
2883,Evoluce
2884,Zájem celospolečenský
2885,Konstrukce sociální reality
2886,Makroekonomie nová klasická
2887,Stát všelidový
2888,Marxismus západní
2889,Skupina marginální
2890,Řád morální
2891,Sen
2892,Nemoc duševní
2893,Princip konfirmace
2894,Prostředí přírodní
2895,Abstinentství
2896,Épistémé
2897,Metoda kvalitativní
2898,Soud morální
2899,Pluralismus politický
2900,Zaměstnání
2901,Procesy Mmarkovovy
2902,Polis
2903,Výkon
2904,Systém
