1,Agelecismus
2,Akademismus
3,Antiscientismus
4,Antropocentrismus
5,Archeologie vědění
6,Aristotelismus
7,Atomismus sociologický
8,Behaviorismus
9,Biologismus
10,Darwinismus sociální
11,Dějiny sociálního myšlení
12,Determinismus ekonomický
13,Determinismus geografický
14,Determinismus technologický
15,Diferenciace sociologie
16,Difuzionismus
17,Eklekticismus
18,Emotivismus
19,Empiricismus
20,Empiricismus abstraktní
21,Empirismus
22,Epifenomenalismus
23,Esencialismus metodologický
24,Etnometodologie
25,Evolucionismus
26,Existencialismus
27,Fenomenologie
28,Fourierismus
29,Freudismus
30,Funkcionalismus strukturální
31,Fyziokratismus
32,Fyzika sociální
33,Fyzikalismus
34,Gestaltismus
35,Historicismus
36,Historismus
37,Holismus
38,Humanismus
39,Hyperempirismus dialektický
40,Individualismus metodologický
41,Instinktivismus
42,Interakcionismus
43,Interakcionismus symbolický
44,Intuitivismus
45,Karteziánství
46,Konstruktivismus sociologický
47,Kontingentismus
48,Konvencionalismus
49,Marxismus
50,Masarykismus
51,Materialismus dialektický
52,Materialismus historický
53,Mechanicismus
54,Merkantilismus
55,Modernismus
56,Monokauzalismus
57,Morfologie sociální
58,Naturalismus
59,Naturalismus pozitivistický
60,Neoevolucionismus
61,Neomarxismus
62,Neopozitivismus
63,New sociology
64,Nominalismus
65,Operacionalismus
66,Organicismus
67,Pansociologismus
68,Paradigma sociologické
69,Personalismus
70,Platonismus
71,Pluralismus teoretický
72,Populacionismus
73,Postmaterialismus
74,Postmodernismus
75,Poststrukturalismus
76,Pragmatismus
77,Psychologismus
78,Psychosociologie
79,Racionalismus
80,Racionalismus kritický
81,Realismus
82,Redukcionismus
83,Scientismus
84,Sociologie akademická
85,Sociologie alternativní
86,Sociologie angažovaná
87,Sociologie biografická
88,Sociologie dialektická
89,Sociologie dramaturgická
90,Sociologie existencialistická
91,Sociologie feministická
92,Sociologie fenomenologická
93,Sociologie formální
94,Sociologie humanistická
95,Sociologie chápající
96,Sociologie interpretativní
97,Sociologie kognitivní
98,Sociologie komparativní
99,Sociologie konzervativní
100,Sociologie kritická
101,Sociologie kvalitativní
102,Sociologie kybernetická
103,Sociologie laická
104,Sociologie marxistická
105,Sociologie marxisticko-leninská
106,Sociologie matematická
107,Sociologie nemarxistická
108,Sociologie pozitivistická
109,Sociologie radikální
110,Sociologie reflexívní
111,Sociologie semikvantitativní
112,Sociologie systémová
113,Sociologismus
114,Stratometrie
115,Struktura sociologie paradigmatická
116,Strukturalismus
117,Strukturalismus genetický
118,Synkretismus
119,Škola Annales
120,Škola demografická
121,Škola frankfurtská
122,Škola geografická
123,Škola chicagská
124,Škola kolínská
125,Škola mechanistická
126,Škola organistická
127,Škola rasově antropologická
128,Škola sociologická
129,Škola vědecká
130,Teorie komunikace
131,Teorie konvergence
132,Teorie kritická
133,Teorie moci
134,Teorie odrazu
135,Teorie pohyblivé hranice
136,Teorie pole
137,Teorie populační
138,Teorie sociální antické
139,Teorie sociální interakce
140,Teorie sociální směny
141,Teorie sociálních sítí
142,Teorie sociologická
143,Teorie společnosti konspirační
144,Teorie středního dosahu
145,Teorie vývoje cyklické
146,Typologie sociologických přístupů
147,Utilitarismus
148,Utilitarismus axiologický
