1,Biosociologie
2,Dějiny sociologie
3,Demoskopie
4,Dynamika sociální
5,Gerontosociologie
6,Makrosociologie a mikrosociologie
7,Metasociologie
8,Sociologie
9,Sociologie absurdity
10,Sociologie administrativy
11,Sociologie architektury
12,Sociologie budoucnosti
13,Sociologie bydlení
14,Sociologie cestovního ruchu
15,Sociologie deviantního chování
16,Sociologie dítěte
17,Sociologie dopravy
18,Sociologie duševních chorob
19,Sociologie ekonomická
20,Sociologie emocí
21,Sociologie empirická
22,Sociologie historická
23,Sociologie hodnot
24,Sociologie hudby
25,Sociologie husitství
26,Sociologie jazyka
27,Sociologie jídla
28,Sociologie klinická
29,Sociologie kultury
30,Sociologie literatury
31,Sociologie malých skupin
32,Sociologie masové kultury
33,Sociologie medicíny
34,Sociologie města
35,Sociologie mládeže
36,Sociologie moci
37,Sociologie módy
38,Sociologie morálky
39,Sociologie náboženství
40,Sociologie obecná
41,Sociologie organizace
42,Sociologie peněz
43,Sociologie podniku
44,Sociologie politiky
45,Sociologie povolání
46,Sociologie práce
47,Sociologie práva
48,Sociologie právní
49,Sociologie průmyslu
50,Sociologie reklamy
51,Sociologie rekreace
52,Sociologie rodiny
53,Sociologie románu
54,Sociologie sexuality
55,Sociologie sociálních hnutí
56,Sociologie sociologie
57,Sociologie sportu
58,Sociologie spotřeby
59,Sociologie státu
60,Sociologie stranictví
61,Sociologie tělesné kultury
62,Sociologie teoretická
63,Sociologie trhů
64,Sociologie umění
65,Sociologie války
66,Sociologie venkova
67,Sociologie veřejného mínění
68,Sociologie vědění
69,Sociologie vědy
70,Sociologie vojenství
71,Sociologie volného času
72,Sociologie výchovy
73,Sociologie výtvarného umění
74,Sociologie vzdělání
75,Sociologie zemědělství
76,Sociometrie
77,Statika sociální
78,Zoosociologie a zoopsychologie
