parent,child
,VSgS
VSgS,Metodologie
VSgS,"Směry, školy, teorie a koncepce sociologického a sociálního myšlení"
VSgS,Oblasti a disciplíny sociologie
VSgS,Příbuzné společenskovědní oblasti a disciplíny a jejich základní směry
VSgS,Sociologie některých národů a států
VSgS,Terminologie jednotlivých tematických okruhů sociologie (s přesahem do příbuzných disciplín)
Metodologie,Metodologie/obecná metodologie a logika
Metodologie,Metodologie/metodologie empirického výzkumu
Metodologie,Metodologie/matematicko-statistické metody v sociologii
Metodologie,Metodologie/statistické a demografické ukazatele a metody
Terminologie jednotlivých tematických okruhů sociologie (s přesahem do příbuzných disciplín),Terminologie/sociální strukturace a diferenciace
Terminologie jednotlivých tematických okruhů sociologie (s přesahem do příbuzných disciplín),"Terminologie/akční, interakční a regulativní sociální atributy, mechanismy, role, kompetence"
Terminologie jednotlivých tematických okruhů sociologie (s přesahem do příbuzných disciplín),"Terminologie/pohlaví, rodina, životní cyklus"
Terminologie jednotlivých tematických okruhů sociologie (s přesahem do příbuzných disciplín),"Terminologie/výchova, vzdělání a povolání"
Terminologie jednotlivých tematických okruhů sociologie (s přesahem do příbuzných disciplín),"Terminologie/práce, technika, organizace a management"
Terminologie jednotlivých tematických okruhů sociologie (s přesahem do příbuzných disciplín),Terminologie/životní styl a volný čas
Terminologie jednotlivých tematických okruhů sociologie (s přesahem do příbuzných disciplín),"Terminologie/sociálně ekologické a geografické dimenze, město a vesnice"
Terminologie jednotlivých tematických okruhů sociologie (s přesahem do příbuzných disciplín),Terminologie/veřejnost a veřejné mínění
Terminologie jednotlivých tematických okruhů sociologie (s přesahem do příbuzných disciplín),"Terminologie/politika, ideologie, právo, správa"
Terminologie jednotlivých tematických okruhů sociologie (s přesahem do příbuzných disciplín),"Terminologie/hnutí, problémy, sociální deviace a sociální politika"
Terminologie jednotlivých tematických okruhů sociologie (s přesahem do příbuzných disciplín),Terminologie/nemoc a medicína
Terminologie jednotlivých tematických okruhů sociologie (s přesahem do příbuzných disciplín),Terminologie/osobnost a psychika
Terminologie jednotlivých tematických okruhů sociologie (s přesahem do příbuzných disciplín),Terminologie/demografické procesy a přístupy
Terminologie jednotlivých tematických okruhů sociologie (s přesahem do příbuzných disciplín),Terminologie/ekonomické jevy a přístupy
Terminologie jednotlivých tematických okruhů sociologie (s přesahem do příbuzných disciplín),"Terminologie/životní prostředí, ekologie"
Terminologie jednotlivých tematických okruhů sociologie (s přesahem do příbuzných disciplín),"Terminologie/etnikum, národ, rasa"
Terminologie jednotlivých tematických okruhů sociologie (s přesahem do příbuzných disciplín),"Terminologie/kultura, civilizace"
Terminologie jednotlivých tematických okruhů sociologie (s přesahem do příbuzných disciplín),Terminologie/náboženství a magie
Terminologie jednotlivých tematických okruhů sociologie (s přesahem do příbuzných disciplín),Terminologie/umění a masová kultura
Terminologie jednotlivých tematických okruhů sociologie (s přesahem do příbuzných disciplín),Terminologie/komunikace a jazyk
Terminologie jednotlivých tematických okruhů sociologie (s přesahem do příbuzných disciplín),Terminologie/sociální změna a dějiny
Terminologie jednotlivých tematických okruhů sociologie (s přesahem do příbuzných disciplín),Terminologie/prognózování budoucnosti
Terminologie jednotlivých tematických okruhů sociologie (s přesahem do příbuzných disciplín),Terminologie/sebereflexe sociologie a vědy vůbec